{
    "upscale": 1,
    "stroke_width": 16,
    "glyph_width": 64.0,
    "glyph_template_shape": [
        167,
        82
    ],
    "glyph_template_origin": [
        9,
        59
    ],
    "all_lines": [
        [
            [
                [
                    41.0,
                    45.47520861406802
                ],
                [
                    73.0,
                    27.0
                ]
            ]
        ],
        [
            [
                [
                    41.0,
                    8.524791385931977
                ],
                [
                    41.0,
                    59.0
                ]
            ]
        ],
        [
            [
                [
                    9.0,
                    27.0
                ],
                [
                    41.0,
                    45.47520861406802
                ]
            ]
        ],
        [
            [
                [
                    9.0,
                    107.0
                ],
                [
                    41.0,
                    88.52479138593198
                ]
            ]
        ],
        [
            [
                [
                    41.0,
                    45.47520861406802
                ],
                [
                    41.0,
                    59.0
                ]
            ],
            [
                [
                    41.0,
                    88.52479138593198
                ],
                [
                    41.0,
                    125.47520861406802
                ]
            ]
        ],
        [
            [
                [
                    41.0,
                    88.52479138593198
                ],
                [
                    73.0,
                    107.0
                ]
            ]
        ],
        [
            [
                [
                    41.0,
                    8.524791385931977
                ],
                [
                    73.0,
                    27.0
                ]
            ]
        ],
        [
            [
                [
                    9.0,
                    27.0
                ],
                [
                    41.0,
                    8.524791385931977
                ]
            ]
        ],
        [
            [
                [
                    9.0,
                    27.0
                ],
                [
                    9.0,
                    59.0
                ]
            ],
            [
                [
                    9.0,
                    88.52479138593198
                ],
                [
                    9.0,
                    107.0
                ]
            ]
        ],
        [
            [
                [
                    9.0,
                    107.0
                ],
                [
                    41.0,
                    125.47520861406802
                ]
            ]
        ],
        [
            [
                [
                    41.0,
                    125.47520861406802
                ],
                [
                    73.0,
                    107.0
                ]
            ]
        ],
        [],
        [
            [
                [
                    9.0,
                    59.0
                ],
                [
                    73.0,
                    59.0
                ]
            ]
        ]
    ],
    "circle_center": [
        41.0,
        141.47520861406804
    ]
}
