{
    "upscale": 1,
    "stroke_width": 6,
    "glyph_width": 51.96152422706632,
    "glyph_template_shape": [
        112,
        60
    ],
    "glyph_template_origin": [
        4,
        49
    ],
    "all_lines": [
        [
            [
                [
                    29.98076211353316,
                    34.0
                ],
                [
                    55.96152422706632,
                    19.0
                ]
            ]
        ],
        [
            [
                [
                    29.98076211353316,
                    4.0
                ],
                [
                    29.98076211353316,
                    49.0
                ]
            ]
        ],
        [
            [
                [
                    4.0,
                    19.0
                ],
                [
                    29.98076211353316,
                    34.0
                ]
            ]
        ],
        [
            [
                [
                    4.0,
                    81.0
                ],
                [
                    29.98076211353316,
                    66.0
                ]
            ]
        ],
        [
            [
                [
                    29.98076211353316,
                    34.0
                ],
                [
                    29.98076211353316,
                    49.0
                ]
            ],
            [
                [
                    29.98076211353316,
                    66.0
                ],
                [
                    29.98076211353316,
                    96.0
                ]
            ]
        ],
        [
            [
                [
                    29.98076211353316,
                    66.0
                ],
                [
                    55.96152422706632,
                    81.0
                ]
            ]
        ],
        [
            [
                [
                    29.98076211353316,
                    4.0
                ],
                [
                    55.96152422706632,
                    19.0
                ]
            ]
        ],
        [
            [
                [
                    4.0,
                    19.0
                ],
                [
                    29.98076211353316,
                    4.0
                ]
            ]
        ],
        [
            [
                [
                    4.0,
                    19.0
                ],
                [
                    4.0,
                    49.0
                ]
            ],
            [
                [
                    4.0,
                    66.0
                ],
                [
                    4.0,
                    81.0
                ]
            ]
        ],
        [
            [
                [
                    4.0,
                    81.0
                ],
                [
                    29.98076211353316,
                    96.0
                ]
            ]
        ],
        [
            [
                [
                    29.98076211353316,
                    96.0
                ],
                [
                    55.96152422706632,
                    81.0
                ]
            ]
        ],
        [],
        [
            [
                [
                    4.0,
                    49.0
                ],
                [
                    55.96152422706632,
                    49.0
                ]
            ]
        ]
    ],
    "circle_center": [
        29.98076211353316,
        102.0
    ]
}
